regime_1,regime_2,regime_3,regime_4,regime_5,regime_6
0,0.07875087436722461,0.03877062679864236,0.3669431858623456,0.4145162607561944,0.10101905221559328
0.06510625710754823,0,0.19384101632144404,0.26503718689812383,0.09867524666762957,0.37734029300525446
0.16492302821397206,0.5715919590663595,0,0.06571433885827557,0.06351404200454498,0.13425663185684786
0.10790171220880405,0.3289935977672686,0.12232174222988512,0,0.18534777431823388,0.2554351734758082
0.04759811262505288,0.4783705768940022,0.2605939194654094,0.126554377511971,0,0.08688301350356459
0.03151205941399857,0.24390515060718582,0.1720414890957755,0.43859471914529136,0.11394658173774881,0
