regime_1,regime_2,regime_3,regime_4,regime_5,regime_6
0,0.1305177533377121,0.23783625765948677,0.35170928526443823,0.2352404191227437,0.0446962846156193
0.14953320911789447,0,0.643729585860214,0.007867559158926823,0.16117101440261924,0.03769863146034575
0.24971595477046063,0.06380171538283641,0,0.026814046425013283,0.5465356374068132,0.11313264601487648
0.04232501311806915,0.29302715594293327,0.25731041316600095,0,0.25888007415487496,0.1484573436181214
0.5946568652980135,0.21579651917902087,0.059752251740950835,0.061704537668972104,0,0.06808982611304269
0.31967593154314955,0.061318562075380584,0.34216748307318295,0.06103639516033018,0.21580162814795661,0
