regime_1,regime_2,regime_3,regime_4,regime_5,regime_6
0,0.05363802489159774,0.2531878930478037,0.2510175736471044,0.3195782725443631,0.1225782358691314
0.04592147040843449,0,0.08041367381321174,0.02665280936002293,0.029488190559027096,0.8175238558593039
0.028301756191525255,0.29073350675318893,0,0.4011534139398215,0.20541088735715513,0.07440043575830944
0.1659134975930695,0.15104933005911744,0.4485001156211589,0,0.09173033713954827,0.14280671958710578
0.26315489352083427,0.05888801143615076,0.13045673863505045,0.45032008152950287,0,0.09718027487846177
0.26012048588492503,0.1416208215800034,0.09393364185937952,0.17025562884238812,0.334069421833304,0
